Theoretical Total Time,24.11052412033081
 , ,Name,Start,End,Elapsed Time
 , ,P1,0.0,0.1575851249694824,0.1575851249694824
 , ,P2,0.47275537490844727,6.776160373687744,6.303404998779296
 , ,P3,0.1575851249694824,0.47275537490844727,0.3151702499389648
 , ,P4,6.776160373687744,13.07956537246704,6.303404998779296
 , ,P5,13.07956537246704,24.11052412033081,11.03095874786377
Real Total Time,25.569125652313232
 , ,Name,Start,End,Elapsed Time
 , ,P1,0.0,0.1616835594177246,0.1616835594177246
 , ,P2,0.16194963455200195,6.90763521194458,6.745685577392578
 , ,P3,0.16212105751037598,0.4702911376953125,0.3081700801849365
 , ,P4,6.908060312271118,13.312824249267578,6.40476393699646
 , ,P5,13.313130378723145,25.569125652313232,12.255995273590088
Error (Real-Theoretical) Total Time,1.4586015319824241
 , ,Name,Start,End,Elapsed Time
 , ,P1,100.0,199.83831644058228,0.004098434448242205
 , ,P2,399.838050365448,4393.092364788055,0.44228057861328196
 , ,P3,199.83787894248962,399.5297088623047,0.007000169754028285
 , ,P4,4393.091939687729,8386.687175750732,0.1013589382171638
 , ,P5,8386.686869621277,15374.430874347687,1.2250365257263187
